size,bedrooms,bathrooms,age,ubicacion,valor
2097.311518853039,4,3,9.797813901832471,B,445742.08237614157
1966.5534795912445,1,3,5.360291234222362,A,424853.8917880127
2451.426162804815,4,2,6.971053031192058,D,480287.35112452117
2704.6559037735324,5,3,15.49235784644328,B,488003.8011451368
1960.848923962932,4,2,10.237304577917808,B,414898.3695067042
1883.2766529574953,3,3,18.41907307850656,B,371232.2999032168
1854.246978241098,1,2,8.02275735951195,A,385310.91102655005
977.9443631046565,5,2,3.2755759373929303,B,361416.556623501
1893.0896480630781,3,1,14.930508278976678,D,359656.4234114244
1990.498217442946,2,2,11.062543982106252,C,393737.10183376336
1882.314210959451,5,2,7.163460716536618,D,432414.11751326197
2318.6599886639615,2,1,11.845876640756613,D,407636.61566261307
1841.7135472334023,3,1,13.44561129134329,B,361943.2982666238
2902.035121690241,3,1,2.267248014425494,D,523867.2720968966
1439.1029832976496,3,3,3.042108320048201,C,403699.756729524
1769.153980625672,5,2,7.021027171608589,C,421810.2622045243
2493.192105775198,3,3,11.31692259211294,B,467734.5976169552
1843.7324028916503,5,1,21.760487932806573,B,340570.80062513216
1655.6168973465756,4,2,8.96768453347981,C,390723.2670672585
1953.8518491022203,2,3,13.194667295773886,D,394411.8484313526
1742.2422811543167,5,3,14.94352582978668,D,394506.5989664983
1086.1903494296491,4,2,8.433988273169435,B,336449.0935771177
2262.1165604170637,4,2,5.584776285042291,D,468287.77461649495
1246.35339729618,4,2,12.256602347974734,B,333352.3279897443
1890.5256201766688,5,2,-0.8249541085288215,A,473177.33256031096
1349.7046621636437,4,2,8.337828789817825,A,363281.32226727525
1530.27302699051,4,2,10.890539889588986,D,368574.60325110605
1595.126993276099,4,3,3.7216160334116832,A,425904.6191605515
2164.5845243081385,1,2,7.278306885223802,A,420066.91800469486
1899.0675088570292,1,1,18.503389173190712,D,322389.8050197493
2201.3615111353993,2,1,3.391294714740263,D,438179.6775398386
2317.0759272089367,4,2,9.605723382899855,D,453678.9758063944
2325.1881891296593,5,1,8.683775397891715,A,454099.9419235074
2013.551583681723,5,3,12.786617598043485,A,432422.07037795486
2241.317252447238,3,2,5.728078141236387,D,455491.33453854185
2064.099869046491,4,1,8.111776708154048,C,420851.1033638789
721.4894593743136,3,3,10.30462404449505,B,295625.8257149561
2048.4653520577535,5,2,0.3650458967704946,D,483021.3057219229
1419.286945499785,4,3,7.281512090346061,C,390521.1340982482
1803.3847484914568,5,1,11.08556846663931,C,389910.63251594914
2365.7004680066852,5,1,12.067723761573065,A,441231.4279928032
2489.842168759381,5,1,13.856046695300867,B,444703.9833994338
1739.560008180386,1,2,14.271974331913034,C,342596.12915847346
2010.6219396797912,4,2,8.944903425459792,A,426337.6768406801
2190.7503145148844,5,1,13.901889125680293,A,414565.58582308696
2428.9312751958732,5,1,10.669841095725381,B,454543.9220409604
1686.9534768387828,2,1,13.31319284593749,A,337129.3834541908
1773.000828009626,1,2,12.301396689454608,D,355793.0993536896
2634.477376359914,2,1,27.906728533446707,B,358914.0949687579
748.2927637247417,1,1,6.757247356875306,A,266043.0395880976
1900.468307385958,4,1,16.172557653022622,C,364184.04247348267
1861.9081401599935,4,2,17.919191457377877,A,366594.85672910995
2047.7291050211597,4,1,16.035228974513817,B,379596.7656295469
2980.5328131010597,5,3,3.4863020678771157,B,575621.7709707203
2002.3265120956194,3,3,3.79605354443889,C,456252.38348736754
1377.9840866418829,1,1,7.142604398985359,C,327085.3866692615
2205.9942276748825,1,1,11.208479740730134,C,389557.0240638376
1940.4544265621646,5,3,7.118360591575556,B,453453.6396983387
3024.9506231296864,1,3,3.172264206145176,B,541633.7412822428
2168.5503338657095,1,1,12.553971926154755,D,379085.1737557972
2085.025238827563,3,2,12.940243332467608,A,403801.30722041824
1906.690730437436,4,2,2.9359350499308823,C,445989.3977940892
1993.2000001845004,1,1,9.796892965542146,B,375335.5351907393
1476.184622441439,1,1,11.27292660537728,C,316253.8292172575
2263.2658494214843,1,1,10.82260021752425,D,397213.58385452715
1405.0415966486203,4,2,7.155926665322893,B,374724.5263382476
2608.632993354851,2,1,9.73890129651824,C,447168.7928528939
2316.831597239346,1,3,11.357097760147852,A,429897.6709231953
2209.5740135038254,3,3,5.974166524298988,D,466086.5687288876
1079.3120370703223,1,3,5.555500588320825,B,335153.70076542813
1472.575351887157,1,3,6.597111855978086,D,369271.97590882523
2024.4294812968415,4,2,14.522837579736471,D,399828.76023100177
2483.748983675622,1,2,8.725139450902022,C,444749.2011130521
2023.3096265482557,5,3,9.941656527734395,B,447622.68001615355
1488.8290580940493,1,3,8.103576167297799,C,363365.02497291594
1860.9315106182178,4,2,14.127490307895826,C,385455.69952234265
921.9831384091337,3,3,6.289511926515523,A,335750.7542083357
2338.338104476239,1,1,11.750586965344645,C,400080.87562090065
1793.4356641145514,2,3,13.43982063302106,B,377144.4632463498
1834.7805298121975,5,3,12.369959844633156,A,416628.25375805394
1622.7565296500059,2,2,5.874232154594108,C,382904.49219203007
1608.0778543279935,5,3,13.095071412867371,B,390332.4283684625
1163.962691505482,4,1,-0.21279783552624387,D,372460.2583281794
1686.575304192686,4,2,12.06328863158302,B,378341.0872613535
1014.9390309090397,1,2,17.318387615353124,A,254901.96501413838
2349.880177231623,4,3,2.802984700251855,D,505973.094221903
2382.2947307862164,2,1,6.061954364197426,B,442919.70125763456
2513.7878446824134,1,2,2.421951858772644,C,479269.0251743781
1698.661821372797,2,3,15.964378130955945,B,355044.2914825
1584.7664662871398,1,2,10.835169778127531,B,344300.79773807636
1576.0227957997101,4,1,8.686034502645608,A,369172.10706674296
1970.6143261045197,1,1,-3.6205334316542785,C,440164.09976872336
1770.2823413733659,5,1,10.618420704327182,A,388936.1306157007
2293.370653267015,2,3,5.811114334180845,D,465281.49365579727
1961.5186581493654,2,3,10.260864740469605,C,409847.5421125885
1985.2928390241518,1,1,10.106197367876884,C,372998.29706303077
2140.8595372863197,1,1,7.467654511762741,C,401747.6811698183
1228.8002929203353,1,1,16.96168370256334,C,263071.6107792168
1399.6826641979849,4,2,2.6597720298288783,D,396669.4062706541
1727.5143354628237,2,3,8.681671505152355,D,394343.0760205206
2284.9154409423527,5,2,14.422219587597167,D,436380.44615624944
1494.4980062269688,3,3,7.104734883436074,A,388926.1262055165
2043.112615916025,5,1,17.27672523036744,D,382927.6354397653
2452.3216058014605,2,3,4.913048910133462,C,485666.9160294787
2310.6665246708153,4,3,9.306255308244928,D,469535.37592585693
2125.879127323831,5,2,13.206613906832128,A,426554.84319822246
2257.9608433590843,4,1,3.281450748003797,C,464388.8305958894
1967.2280329676835,3,1,7.55347804558293,D,403955.41306885367
1987.015623622785,5,1,15.378710484439289,D,386808.00994008203
1726.1231476739222,2,2,11.033217961175527,D,367446.2249615146
2002.5894833008115,5,3,10.629681770498877,B,442110.5394775868
1883.8753942101039,5,2,10.235055073066832,B,417212.26405567623
2369.076599778637,5,2,9.723071500254775,B,468292.30247658986
2334.5154939071595,4,1,16.278122508532682,C,407060.93684805254
1019.450672368884,5,3,10.349772164406165,D,345196.2064148576
2619.4360531940656,2,3,13.379369112400783,A,460046.7597574027
2442.863817943233,4,1,6.750771911462294,C,465532.5222370118
1252.577281518364,3,1,-3.7881839077992012,A,389198.64769083244
1449.2840160997312,2,1,5.416580538681114,A,352845.49891656754
2779.4116503653645,3,3,14.834980053557123,B,478766.2647687509
1944.4004315129137,2,1,8.247191236198416,C,388204.0869702993
1619.5948696546657,4,2,5.648431770887138,A,403717.3281110309
1374.7332500273387,1,2,-0.974697547491612,A,382346.81274019193
2025.5866843105184,3,1,8.373501977660327,B,405691.15854275017
2286.9710163120894,3,2,12.598986597261773,C,425702.1686449
1110.170617986886,4,2,3.8505003356741643,D,361764.5601203178
1824.1197212192044,4,3,4.759905977119084,A,443612.442236325
1963.8772365680488,2,3,-0.7979831320353483,B,465377.6393169816
1728.3122557178012,2,1,2.3002637515610207,C,396329.906813975
2004.3068851810913,1,2,3.364100616476332,A,423610.1854357275
1122.5781742505733,3,3,16.228953584056313,D,306113.0495047757
1718.335197122472,1,1,5.458616150363829,D,369540.43896042806
2663.385769264118,5,3,9.108191608905297,D,515797.6188818853
1453.3944523066348,1,1,9.069600971880266,D,324991.44037126214
2869.805088345954,2,2,5.956849993003552,A,507196.25886957755
1490.7123369747874,1,1,9.50307133424908,D,326555.87702623336
1644.3954202785499,4,2,4.039363435311812,C,414242.72485129593
2427.5440131967316,5,3,9.71464913595801,C,489181.15563988313
2064.9120868063496,3,3,14.33341536024258,D,409824.13187942206
2684.8463919750525,3,3,6.71708352140684,D,509899.2215904711
1657.9307975645931,1,3,11.72938313980351,A,362146.1640574418
2230.994365519323,1,2,11.054049055695712,A,407829.1912734537
3122.112870352453,4,3,2.153129556891101,A,586445.6392507898
1179.9275440685449,5,3,21.713924116063314,A,304423.13382653793
1543.4535782842386,2,3,16.03316430087924,A,339179.53632402763
1131.2228835322062,4,3,19.537615052699778,C,300434.21308972174
1873.5726307866037,5,1,3.9638768586959987,A,432537.87878518034
1928.8525044449575,4,1,8.37030845719001,D,406033.7081585457
1987.6140682323444,4,3,4.978605468945936,C,458868.3794785047
2089.00959202305,2,2,10.00385474257041,D,408881.68548945297
2609.339277360496,5,3,16.978689043687986,C,471040.4825176097
2386.499932773915,4,3,9.990723746968033,A,473696.37454255135
983.6804199191982,2,2,11.745771245779796,C,289639.1857630208
1554.2521082770215,2,3,6.843168165969589,C,386209.3699978542
2163.359502467778,2,1,12.6607454564312,C,388032.2229646218
2855.1398657639966,4,1,5.474933202555944,B,513139.32056361996
2164.9557599645814,5,2,8.329879554178495,C,454846.17822556564
2200.6996056444227,5,2,9.019618046443888,C,454971.87033222284
1711.3053319563617,3,2,11.364568075990793,A,374307.6928156822
2280.7781031325458,4,2,14.223812949722326,D,426958.74556464294
2619.0902512426646,2,1,6.710814449669579,B,463354.95287591853
2350.941929597441,2,3,8.522810152879003,D,457480.14219534904
2006.6573932804329,5,2,11.99434362309814,A,420694.0212125526
1406.6272011474066,3,2,18.510575847127832,B,308109.8408791015
588.9782813581003,3,1,11.939315178466638,C,244201.25224347686
1508.868473782708,3,2,12.108657133168975,B,350343.56171242596
1986.5151890191821,4,2,10.846459980268286,B,414419.21900057676
2119.8885670721356,4,2,16.647676757409943,C,398750.4729201638
2303.196753247416,5,2,2.59333360455199,A,497353.0073019817
2096.172145529511,5,1,11.436656097123324,B,417433.9340673345
1992.0329407634354,3,2,16.604826488393165,C,376179.1616343777
1958.752641791336,4,1,9.694044467983618,D,402405.0418392155
2552.7343401133157,1,2,11.467045451539281,C,437938.2067536352
1733.1556687736593,3,2,1.4091620240056972,B,426269.7567573374
2128.216253906434,1,3,12.050142243740494,D,407570.9141719409
2579.258329314879,1,1,6.764805960677813,C,449101.8031280989
2491.0566779798696,3,2,13.991219305340357,C,439149.5712712852
1554.5324594949452,3,3,20.203531031475794,B,329435.59079211554
2847.9021913514084,1,2,8.744476489258785,B,481067.8366888468
2669.7930210221402,2,1,7.388333954062861,C,465037.6323318997
3076.178557777577,4,3,4.439639753783833,C,570419.6570088385
2533.1131220999887,1,2,9.934725217692161,D,443637.68612153805
1277.1318405889554,4,2,11.285476275855231,C,341285.8026796194
1158.2568748746148,1,3,14.304065444991824,C,299305.36026250233
2113.8772435817255,3,1,1.2380232504553863,C,450197.6081058956
2269.2947642802615,3,1,13.484136720067315,A,404508.79282768955
1351.7367514855105,3,3,12.363283267964418,B,348357.25880872895
2629.26439353105,3,1,10.088471233717662,A,457484.08318451664
1859.3362864107994,2,3,11.609794902913768,A,392884.6541265111
2303.2344188248762,1,2,14.385951864189703,D,398393.6825615391
1840.4032888552535,5,3,5.040066419281304,D,453839.99678911886
2065.1652484170468,1,1,4.899113452614739,B,407020.95757863094
2138.366275290827,4,2,15.337051315497868,B,407151.3709515934
1719.9399629044183,4,1,5.131274650193932,A,401337.62303947215
2650.167880109525,2,1,7.5287090075168805,C,462373.2429733681
1909.92912587709,5,3,6.4369965906771665,B,453807.92963432317
2641.290773996006,1,2,12.343115749012188,D,442413.49865453964
1258.5777242387412,1,3,11.318221564919737,A,324266.66459927545
1535.5227887196463,5,1,15.499766827312577,A,341053.4447354018
2022.691907109902,2,1,14.231198722942167,C,366113.19709627936
1733.737357809239,4,3,12.357174183813711,C,396587.8648618553
1383.8707397269773,4,3,14.989429730787354,D,348439.925318761
1875.088303744863,5,1,10.58579046352348,D,399579.87805686885
2275.4821966223813,1,1,10.61142297237106,D,399491.10480038286
1542.647993986921,4,1,5.589902189434507,A,381315.28845151956
1851.5092274015117,3,1,10.73057931582091,B,376498.02616104664
1554.3484731348083,5,1,17.039720490752906,C,335236.2448597163
1926.654231454953,1,3,8.360735480433405,C,405861.74574332824
2091.372796486331,3,1,8.31098004635194,A,412582.3794168734
1355.0579898041533,2,1,12.970122464130165,B,305655.1866597645
1111.6694885381296,2,2,8.83975758266539,B,316968.16094048606
1416.7283691813623,2,1,-1.0420001290404475,C,381882.83756333846
2482.33372700807,2,2,13.408880013051915,B,431188.9726355474
2869.7924738183137,2,3,11.656288517090132,C,493697.80479638075
1571.314428328782,1,1,11.579132266496151,B,324235.7815003975
656.9422766972048,5,3,12.504032039293657,A,298174.0674732522
1725.56791581019,1,2,17.68489677456617,B,324132.30770818813
2051.819243003058,1,2,17.377917409136945,C,358292.3372546211
1463.851499455097,4,3,17.478672391798064,D,343991.78798651934
2289.3937071363584,3,2,14.857944608519222,B,414649.6476710397
1383.212475148834,3,1,5.41256787232483,B,356258.40815325925
1857.664083482238,1,1,11.907386915330033,A,351229.4737715736
874.202148288434,3,3,4.106988216427133,B,341885.27374670777
2479.2801187587406,5,1,15.565555271021687,A,435100.23552076565
2139.904598968969,3,3,1.8461831781829456,B,479759.5440059821
1778.359251269389,2,1,2.442042618624236,B,400625.7120338177
1816.258625397852,4,1,9.198161817528677,C,390635.0534521418
1772.2710040746294,5,1,21.21978478280976,C,336128.1764934141
2510.336522282424,4,1,8.639989142893155,C,462833.7065137766
2636.282791813748,5,1,13.398132177985108,C,461637.61829144927
1695.0597995643686,1,2,13.757990242126839,A,340716.0287458027
2431.984621659607,4,3,7.469603987403631,C,490850.4422289425
1829.9830707758686,4,3,16.05497760638908,C,387723.4190456415
1981.620354822889,5,2,11.586567326245016,C,420229.19885106385
2565.5152483941183,1,1,6.985715367928096,C,446622.94799977134
1837.6701937227815,4,3,4.469679664995984,A,446418.6210472982
1821.9632751318136,4,1,4.58797736869239,D,414256.4406697194
2453.939862686474,2,2,12.45100671194969,B,433138.9527088989
2000.9166722740733,3,2,9.693192236647882,C,411625.7060441679
1752.2559180388348,2,1,-0.6811116619113218,D,413631.1501134401
1768.3927628473923,2,2,11.997412378472163,A,366852.21439237846
1711.0776765560113,5,3,19.36382171420068,A,369288.6590845977
2778.5772455153574,4,2,8.65159753416735,B,504599.73688069894
1891.1203990869842,5,2,3.8511613087880203,B,449856.2333647583
1518.4489837427955,5,3,12.246438030698329,A,385612.7082207879
2877.1993612294527,2,1,2.686781509740416,B,509286.0285742432
958.7338356534731,1,3,7.202017371931902,C,314863.29670568777
1912.1970426406403,5,2,6.617551989913117,A,438131.94431449845
1997.0595387378107,4,1,12.212376240108561,A,393644.0726732383
2010.4329686015892,3,2,12.600265126906956,C,398041.97122562415
2583.3794338421476,1,1,10.263162962948325,C,432022.12856947316
1946.7838844394635,4,2,9.417335219120028,C,417591.71234834625
1698.2955774739744,2,1,13.492971062735206,A,337364.7024337214
2607.1236550550957,2,2,0.5869400148042168,A,507777.6654314885
1664.1181780318548,3,2,11.393616733471227,A,369443.7341358294
2002.7039864972426,5,2,19.326184914888593,B,383639.4740752813
1090.1940720280154,3,3,11.158173433617161,A,328228.5400347157
1939.8348522815752,2,1,1.567650117596628,A,421145.23464017437
2519.233848097595,4,1,17.913868444283835,B,417354.04258834035
1554.2505144757172,3,3,3.4266695574726205,C,413291.7036602086
1833.9823054471394,1,1,15.18990995957664,B,332448.6807468307
1421.225207831201,5,2,11.584207799123904,D,364201.48178750055
1496.376819066997,5,2,13.269263940289107,B,363291.36220525415
2164.007367474387,1,3,9.769184967683795,A,422554.8119090198
1689.489880463602,2,3,8.163729380862701,D,393130.3411420467
2121.668425503756,2,3,13.59681158614019,A,409182.78461967467
1167.9476145291328,4,3,15.073480996252604,D,326427.35647165024
2115.8801344875865,3,3,4.599296378919892,A,463591.5315541592
2440.266646862977,5,3,9.012901827297805,C,493962.15554980864
2497.1020989160443,3,1,13.527431300406844,A,427073.0533895702
985.025815063454,3,2,17.07756257478116,C,273114.7686324396
1845.7373162160861,3,2,10.866837937228041,B,390239.5419354684
2014.3026084817736,5,3,6.134227607326941,D,465759.12281154265
2366.8117443759375,4,2,10.291239520261783,D,455224.97683628486
2452.383505174483,5,1,1.1467493028440892,C,504504.6040032279
2866.8316574029927,3,1,3.8399720887857605,D,512483.30529637047
2279.069080848013,5,3,10.994943185573124,C,467932.1921569357
3048.7365955466835,5,1,15.409161095167143,A,492827.85407883266
2529.8907841696537,1,2,7.239886148680582,D,456789.64767356246
3027.50868591623,1,2,6.8859423109945315,C,508321.15703665034
1085.113291357297,4,1,5.539772673855767,D,335812.46576645086
1702.3924079146548,2,3,13.779561270154305,A,366341.434440694
2376.807775267458,5,1,11.459725387785717,C,445382.1505878172
1743.446652911727,1,1,9.531284545274927,D,351688.24256479804
1660.0135890954662,5,3,8.587507340706178,C,418063.82220601576
1583.1094424957182,5,3,13.569433005532723,A,385463.7792219082
2061.0024304613935,3,2,2.906275803501744,D,451568.86402863066
2035.238846051407,1,3,10.886747948874007,A,404090.14486077067
2013.3273122771711,3,3,9.569004467580775,B,428487.7088898133
2267.321527462528,3,2,1.568629140715764,D,478889.007042674
1970.2010716905675,5,1,14.448257215491232,D,389778.82109160064
1549.3621144560423,2,1,8.982853340719412,B,345021.9447420072
2123.4016404070853,2,1,7.592690527833966,C,409376.71140153875
1227.4139276246676,2,1,5.13209596517816,D,332080.91293657594
2271.23561106868,1,1,12.22472283881544,D,390999.94691279077
2748.147092564566,1,3,19.801918180236893,A,430805.1183552721
2740.3773179358823,1,1,18.836319805297876,A,404856.13276709884
2208.945265183657,4,3,23.854345733486863,C,386622.7978509314
1297.5653860190441,3,1,10.224852564823747,A,323632.2757777857
1371.10386545554,2,1,12.545962449211437,B,309380.57429949683
2099.0093686454557,4,1,2.5693956595593592,A,452053.95856674877
3205.969715480447,2,1,3.5480414923019055,A,537856.7640865352
3215.4254427220467,5,1,16.81947123134568,A,502445.1881154762
1931.862916641628,1,1,12.01192678809793,B,358126.6577236731
2568.4038280884934,4,2,7.986623579824885,B,486907.26490972494
2181.1423111586,3,1,12.557892430119377,A,400324.7689652631
2498.8925608047352,3,2,11.569574360521894,C,452041.38427786407
664.5644109570205,5,1,8.190412353946119,A,290504.3793259715
2075.9781882246843,2,2,10.793763575498097,B,403629.0009449779
2828.2964501400684,5,1,13.04141845129346,A,482622.55275753955
1869.2564386364827,4,1,5.490381538948878,C,414473.7361689039
1764.2855619273598,5,3,14.689621749115084,C,397980.4474471606
2613.98100557263,3,2,0.3524235899018784,C,519635.9826077536
2035.9949651449208,2,3,10.731259406136294,C,414943.19948381063
1362.117856540022,4,3,6.512791573029405,D,388647.8277888552
1910.8439398690662,3,2,8.220077724367094,C,409984.0053650712
2099.619285378196,4,2,4.682312226967637,D,456550.3674029814
1832.5379488869362,1,3,14.55544978071169,B,365476.54598513513
1476.5583127996856,4,2,9.22159758806633,D,371547.8433396369
1972.3900917674061,3,3,1.9296796847967173,A,462590.61075275706
2572.3706283329975,3,2,7.208589737335372,A,481194.1141466229
1731.8161735451463,3,1,0.4500887976661776,D,415931.17336618376
1453.034530041069,3,3,8.11160631598757,B,379745.42142416904
2951.7404471089235,1,2,3.1715729816436644,D,519316.17980267404
2792.030740119848,1,3,9.311945245001027,A,487643.34778697963
1581.5619586893731,3,1,9.21999652740112,A,357056.2132319317
2418.775775920859,5,2,13.473137070733637,A,454511.89223841776
2189.1710422026968,4,2,2.4978551341284945,A,476427.8285496272
2463.5660544132224,3,2,8.001911461783886,A,466347.0481324028
2036.0834512434712,2,1,19.34664110097762,C,341875.13961945905
2136.600755769076,3,1,14.355791416568268,C,386881.1184940663
2484.5569105838676,3,1,7.556819500219609,C,455671.5935572887
1755.2465680382381,1,3,1.5744857215788652,B,422652.22819592943
1587.2084670033194,3,2,8.758120869897267,A,374930.24235084554
2548.3952027548494,3,2,12.509178386384164,A,452293.6283435641
2167.168823505397,1,2,12.602403305592127,D,393704.865822579
2488.322947837585,4,2,11.76740711439892,B,459995.2592117639
1948.8364088860976,3,2,1.2674825402603087,C,448546.2281873082
2311.919650608622,4,2,17.60748597215754,C,413154.5352000745
1847.2581911773761,5,3,17.83880546506929,B,390531.79179239116
2300.658158515127,2,2,8.397063014396805,D,438080.5007795287
2253.730950426752,3,1,6.715900746157441,D,436793.59131188795
889.0155945092995,1,2,9.11465274236969,C,283328.2957390815
1955.8348847477673,2,3,8.691598352815822,B,417125.49671069765
2602.403421878453,2,1,9.082464672363963,C,449828.0188260255
2033.0721434471102,1,3,19.896646629817067,B,358823.98119562573
1346.4881083609052,3,1,10.947896887423338,C,324909.3263989738
2463.6473376766344,5,3,17.628982453229032,D,453219.8215015183
1215.2346571466321,1,1,15.621930351829633,C,268413.81395551504
1286.9308487969456,4,2,10.363381446455284,A,346876.17764741817
1267.5487572106308,1,3,14.955200705706606,D,306978.8721925301
1853.8053478547038,2,3,7.939498511536135,B,410683.04222778964
955.0512870503535,2,2,10.855408531819592,A,291228.0860459374
1330.0803647251876,2,1,15.368411984069098,A,291165.97655217326
2415.4628623978433,5,2,2.850116523055509,C,507295.7036245068
1596.9139643382487,1,2,7.5068410570296695,A,362157.19114867656
1606.444777868999,2,3,15.921413551403273,C,346037.4100298835
2502.441610950293,4,3,8.646467886046773,D,492011.82166479545
2862.751708723927,5,2,5.383626157272963,B,539357.0400860279
2047.6496778472397,2,3,7.234225052045881,D,433593.84252449457
2046.1431619915088,1,2,15.953759173968944,C,364845.52032930613
2214.7022798224357,3,1,9.175384293255638,D,420593.3065159654
1922.8271282588112,4,2,14.138291814009847,C,391591.25375583186
2101.002218784494,1,3,6.602180298595306,B,432089.32038547285
1942.722451594815,1,3,11.069140545963224,B,393926.5424296654
1290.056892936234,1,1,12.609842683253072,B,290956.475877358
2421.911803363437,3,1,12.456741393282623,A,424907.4733699306
1076.0624405894523,4,3,5.633468378882736,D,364438.9021645315
1900.9903848641313,4,3,20.826539986581956,A,370966.3385535034
2406.3713830338834,1,3,8.24783569964137,D,454397.95980518154
1872.6297558192355,5,1,18.316878472456644,B,360678.5832196403
1610.309854626733,2,2,12.512407609629268,A,348468.94741452695
1860.9983919054146,1,3,13.474732201882361,D,373726.1781811296
241.17811074953806,2,1,17.925722191934373,C,169489.20011528197
2125.8628573851715,2,3,6.758832660563189,C,443792.12243570125
1703.358147180642,1,1,12.838157748787209,C,331145.0259741281
2646.5933235475495,3,1,9.488731176306505,C,462215.67647322244
2151.365804880407,1,2,12.221089301142769,A,394031.13398232684
1559.6572510331343,5,1,17.808055737207134,A,331925.4464172778
2263.485613201271,5,3,2.877870313765234,A,506959.2097513009
1133.932631185461,2,1,14.663761123457771,A,275074.45750125725
1469.2836826110904,5,1,12.369644964597022,C,350080.1434381239
2172.9299437605714,4,1,18.833900361940707,D,378123.49256635364
915.4852419419931,3,3,4.013595651396641,C,346480.5459372161
2106.0672020718953,1,1,10.810389765914064,C,381554.77137761924
1263.7613014965882,1,3,10.858284456887672,D,327084.7078652205
2911.087844252671,1,1,3.0325408714790463,D,500946.08006787184
1834.587242513186,4,1,11.150406499297901,D,382706.6917548291
1107.4010315038213,1,2,17.436689529597427,D,263556.655502395
3004.637943665563,4,3,11.908181089806792,C,525922.8889175223
2885.6359465127107,2,3,-3.1902427045562796,B,569514.8081740525
2240.832511752974,4,2,10.923115573374917,C,439467.67330842285
2369.1354905579483,5,2,2.2902538556048135,D,505462.27977777075
2251.1245225625207,1,1,9.217999172879045,A,404022.45639185683
1937.8943580227085,3,2,7.970774903279412,C,413935.5612858738
1243.0783750092735,1,1,12.051922725410982,D,289048.2238738724
1351.4739507513473,2,3,6.674820194699228,A,366773.29410163854
1898.3583537052798,5,3,13.506933404418376,D,417301.1683484361
1474.003278729214,5,1,7.3801995899519355,B,375499.32992316165
1115.646450263564,1,3,13.693809988417211,A,298095.59508427035
2622.200873715734,1,1,4.032824009497389,A,467055.9673240864
1525.2830907952864,3,1,0.6053442355665357,A,394501.587901696
1440.4342776393623,1,3,12.286669692895323,D,337610.0792994596
1708.4024399671957,1,3,17.640540620225465,B,337637.5408955923
1818.4420270491944,5,3,4.424164481002832,D,454723.38029990526
2829.9820530713023,1,1,11.552835433218036,B,450234.02814104006
2274.2224406575774,1,1,9.808971818028219,C,403377.38497561665
2611.385018826667,1,2,6.66939985319513,A,467791.50261669105
2114.0741156501936,1,1,5.686841958462817,B,407973.20177270524
2159.144134393065,2,1,3.015208035200054,A,435838.3732633063
1205.740522677165,4,3,12.245509642186203,A,344346.5040567855
1705.1071760402367,3,2,6.707841996792914,B,396971.50762005907
2062.651457012033,4,2,12.196066639835008,A,415284.81250202825
2345.08626218916,4,3,15.904542847415701,A,439985.91198183753
1988.9217265545433,3,2,18.359535198070287,A,367094.49666510295
2315.6178596889,3,3,12.298812441457848,D,445067.72376160073
2802.018728433016,2,3,22.458632984477767,B,432908.70792091277
2565.82763075444,4,3,6.229864069810826,A,510433.4427263899
1989.7389834066644,1,1,14.304605989559356,C,352450.86839286966
1315.9614118167478,4,1,2.4538216582358565,D,374327.0328904955
1725.9375857923276,5,1,12.87056845200546,B,373240.9163192054
1885.9019983905682,5,1,9.266470200758407,B,407257.8488352648
2278.6844174755543,2,3,12.966935804841928,A,428033.7627233458
1694.4385594416976,1,3,13.382596401547744,B,357530.8739364311
2192.325444736298,3,2,17.168149294377884,C,393391.79800174036
2259.197627625824,4,2,4.9053303614465635,A,471393.1109553496
2809.3526095589705,4,3,7.234145027708581,B,529764.5358173541
2238.687363237635,5,3,15.113977586091911,D,443298.8483933039
1409.0818973647847,1,2,7.961343655858629,B,341101.47145718534
2562.8670357484234,4,3,9.60236513783626,D,493274.87788566103
3034.6066184111705,1,2,8.919978373318171,A,498860.76997452625
981.9963953293611,5,3,13.469582263747931,A,325851.72821419645
1752.8794382962374,3,3,20.042763666978583,B,350074.12549473083
1548.204300636017,1,3,14.956240614497355,B,335039.2269911149
1805.1122256576054,3,3,8.486941788745952,A,413076.5136220308
1973.1317714452885,2,3,2.6344675857510236,A,449140.83921577374
2402.9377685167374,2,1,13.208815406614988,A,409249.6998185988
1411.3728682202382,5,1,6.5202861939203265,C,373535.8558524222
1709.8882697062525,1,3,5.966990774370813,A,396153.87309877115
2633.92664982919,2,1,12.217151987637248,A,437306.90504473273
2577.5356684318213,1,2,9.14478065103215,A,452029.6635880214
2300.398873188442,5,2,1.6621681476743113,D,501729.04658047267
2005.3221795156885,4,2,11.378551604118535,D,413639.4599309762
2150.495881246067,3,2,8.64181069083437,C,431840.5346704348
2380.6384019386605,3,3,20.69919411198944,D,409567.86963391886
2925.706776729486,3,1,21.106638789741773,A,432037.4837242398
1095.7667492025932,2,1,11.092153555251198,C,289115.9071440033
2151.8086681769064,5,2,14.01606305810309,C,425100.55152717524
1711.5468757342144,1,3,6.501093696789438,B,393649.2190894742
2150.6823855608905,2,1,13.184059714970468,B,384147.9399812367
1927.062222881004,4,2,12.950884878294627,A,397951.7978966273
1984.3141087023744,4,3,5.506889853594041,A,455896.9616022672
1145.4578738375253,3,1,4.468856725749694,C,337201.503755004
932.6451746558141,3,3,3.1376258150360865,B,352576.38839040097
1403.3405498613342,2,1,10.814002974621143,B,321264.0401130277
685.605857718936,1,1,4.388479932101733,B,271618.18611138494
2863.904236017856,2,1,2.775262557133823,D,507514.1108161165
1970.1105705271902,4,3,13.837148915464795,C,412825.3124753951
1808.1198741091011,4,3,11.430166763501353,B,408661.1535934033
2314.2600456699465,3,3,9.750375061619179,A,457674.1292588987
2745.299714246421,1,2,4.54452868027579,D,491807.32802326314
2789.9664859684112,3,1,11.351791328311405,C,467237.6919552841
2178.884489607997,1,2,6.905071860915082,D,423363.08965622424
1930.6443524890017,1,3,10.48560091140757,D,395636.43069186236
2185.9693907746623,1,1,17.011502303065665,D,358539.42756213795
2268.7419609837325,4,2,4.128449509950345,D,476231.94854862156
3061.6997550145697,3,2,5.972305067633367,C,536308.4501632901
2596.9665640047238,3,1,11.969250836360585,A,444850.4022186695
1962.7939245720295,1,2,8.889869734583543,C,391830.04378428526
1646.1081059796359,3,3,6.896241759129625,B,405129.60180231545
1613.0406284206774,1,1,13.496462361875727,D,318821.7510326891
2481.4894506263117,3,1,3.939736426712807,D,473450.26292906713
2191.6715380896385,5,1,14.527664302782366,D,411528.832295052
1863.755719636654,2,3,10.296051665545496,D,399895.3136359379
2454.8636278443273,2,1,6.771085336517064,D,446630.9361018474
1811.0287782152736,2,2,5.997224775318207,C,401116.7539449363
1436.4633923842712,4,3,7.14560324411526,B,392918.3230178508
1747.5516831853224,3,2,5.356473555530882,B,407972.8005408778
1988.6056145008504,3,1,17.828151385388765,D,354719.8045231412
2559.752585422512,2,2,6.62457292777661,D,472852.39390336815
1596.506593641581,2,3,9.631203308410043,B,376494.6428221079
1869.0248759906497,1,3,9.082797753390592,C,396488.498832112
2597.4298616549195,4,1,11.208603011091515,A,458699.9711100344
1878.631678708556,2,1,12.700081693114102,D,359362.7594052851
2284.943053607999,3,1,13.78498274756195,C,404569.39162299014
2859.1114269419086,5,1,12.76925872917429,C,487064.8490483194
1733.3383413279375,2,3,15.47720896034665,D,360947.7893310605
2635.530910902253,3,1,11.515922961385423,A,450973.47628329817
2340.3581198580077,5,3,8.57168252138102,C,486177.39937889564
1977.311890098561,1,3,8.052675766628356,A,412467.8101767143
1861.583473305787,5,2,5.491486232188066,A,438700.9161696384
2362.6622990945016,2,3,3.2899403515735512,B,484816.5281515824
2708.3852201774716,1,2,19.319974847201017,C,414238.6477817421
2190.067997024424,3,3,14.09262514968497,D,423543.6739540176
2031.33324952968,5,3,8.650211099144189,C,454882.26945724705
947.3936062569855,4,3,9.523922574985278,B,332119.74775077216
1127.9855902110198,5,2,14.3796583817476,D,320900.26711236394
2119.64134014794,3,1,12.486148268630371,D,394533.3926716422
1534.157338103246,1,2,10.375800221038368,B,341536.73270513274
936.9179938200828,1,2,14.303378445019156,A,262174.9071569125
2027.1067951190303,5,2,6.182311398723215,D,451799.1225182869
2848.461910672404,4,1,14.945792528019187,B,465117.22842714447
2202.729132554066,3,2,7.904707053116908,C,440749.37798982207
1331.4503894508084,2,2,8.00543732673974,C,343117.8523113821
2453.934909664224,3,3,1.6254732161816872,B,512266.1248855139
869.4512495573799,2,3,5.735591987319439,C,323267.16501914075
1447.0853509937183,1,3,8.376404198434322,D,357826.5141072002
1342.7317606406318,5,1,10.973753185441455,D,344404.41013685596
2006.364737182454,5,2,12.311029370431438,B,419081.3268660882
2371.344918788713,1,3,0.6098826170082887,B,489085.0787938299
2393.2528480028504,3,1,6.067498464177105,C,453987.7924793995
1557.7135047376762,1,2,6.494596860109143,D,363298.3661732219
1611.4166820860974,2,2,14.069429599098882,D,340794.5202131153
2393.970255700133,2,1,18.320090262988714,C,382796.5742550697
1518.8927835902782,1,2,12.605264014262039,A,328862.9582877176
1535.6089234389474,3,3,4.150878352111222,C,407806.50058333867
2121.2359465485515,5,1,15.880462905382062,B,397721.28012794483
2230.9393559661335,5,2,8.81762684051584,B,459005.8013940341
1983.079609230585,4,3,8.16367357578231,B,442489.59304414695
1635.8872909016593,3,3,2.573019537678327,A,425723.6314017743
2161.899733563684,2,3,14.428055317112484,C,409049.696770806
1612.8620722875644,4,3,20.788017408628487,D,342346.120185614
2241.89365130964,2,2,9.930067132750137,B,424539.02946721326
2814.720726376029,1,2,5.714725152089652,C,492898.4468771546
1570.8291513893673,3,1,10.589624237199072,A,349134.79395294137
2360.641815956735,1,3,15.053736644520077,C,415795.4983730732
2113.550250525991,1,1,10.396709565962734,C,384371.47722278547
2040.9776772992416,5,2,10.230350788309009,A,432946.01378837915
2478.094364940761,4,1,16.67339744252348,A,419442.4492814587
1705.1474754866995,1,3,-1.230367529490204,A,431666.58519612096
2266.5063262596473,5,1,8.383685335488718,C,449732.2059485211
1902.6949285083479,1,3,10.34953257082373,A,393521.8299967161
1670.6590933710972,5,2,13.878954224869002,A,377671.1382127647
2862.229336978456,3,1,2.563106739963751,A,518407.3999980268
2469.856029568779,5,1,8.298782953275818,D,470491.6881904988
2323.853748630595,1,2,12.318993073747043,D,410790.4094943243
2302.424070821955,5,2,13.231961357578392,A,444082.60029430356
2147.302212890146,1,1,9.808352960724529,B,390688.45648539194
3068.0142950475565,1,1,5.435020833128061,D,504626.32533911534
1975.8805108141623,2,1,5.214806899977632,A,406514.016581528
1603.5557199739765,4,1,10.899602599909317,B,360857.55899785104
1200.2011511495834,4,1,10.878547473465137,A,320627.3777476327
1965.1065049447247,3,1,14.197157143009683,D,370524.86477942404
2088.345992996679,5,3,-2.9420130427124604,B,518544.66451323015
1281.327156966545,3,2,12.550709536944588,A,325379.1680119316
1194.7297033334198,1,1,14.937566839942875,C,269785.1361336276
1327.8959294944457,1,2,14.946632180017675,A,298056.43204935617
1558.4312689450487,1,3,5.649102099111095,C,382597.6163989494
2793.8129247180873,2,2,23.8927849653694,A,409917.3676449617
2170.8597343300307,1,2,17.72168792632092,A,368477.5338013985
1961.391590210326,3,1,6.91529565507854,B,406562.68074563995
1556.746429865546,1,1,-1.1017680195427246,A,386183.4830842682
2465.336740309217,2,2,11.292392717030124,A,440071.7104457711
2905.7885960324056,1,3,4.3798316232159005,D,523679.7014871611
1614.7957498886167,3,2,8.849848293071647,A,377230.33352350345
1809.7206936110847,1,1,8.883860229744897,D,361552.76821238396
1542.0447747104627,5,1,9.131431948611606,C,373547.31772798824
1704.901105295343,5,2,12.687577473090446,B,387052.22316408204
1956.35126283973,2,2,12.434625714301124,A,383461.9977124674
2148.066934179668,4,2,14.61707144333112,C,411721.3362013112
2605.445212133474,1,3,9.387907524601236,B,468604.9835903412
1886.8017844979818,2,2,15.365549457602423,D,361852.431161786
1832.549576736063,4,1,15.262475745637667,D,361942.578945418
1225.5880400512656,5,3,3.564239390673892,A,399737.6070517571
3167.4883565586656,1,2,7.502732855051093,B,519235.1713806111
2594.119609226951,3,1,10.387130687074798,C,452476.30748732114
1796.488750529369,4,2,8.496541921628197,B,407166.1654447959
2085.9014154973397,1,3,1.1068288300782676,D,458055.9973993426
1880.877783692538,2,2,13.376411411525675,B,371205.72131162544
2308.186859428327,2,1,10.598382213575228,A,412826.7748749566
1548.146925111354,5,1,6.95529886170739,A,385038.19820259843
1824.4230389220202,3,1,2.1057024589186124,C,416913.79159760894
2451.1958802234512,1,3,11.645127934392594,D,441893.94835038215
2263.7006346426333,5,2,9.905619790170647,B,456841.9645134101
2232.02693954855,3,1,0.28382869158966706,D,466783.5504969067
2291.006645501171,3,2,7.295365905145038,A,452623.8350243919
2279.8059770839436,5,2,-0.7822722268484803,D,511891.9588426368
2168.3658366324944,4,3,12.507336808085494,A,439299.89962282195
2006.4839523579021,2,1,7.371146814425205,C,398792.66116366413
1975.2819445028244,4,1,11.449693139960441,B,395279.7287504802
1678.8528276645231,4,3,16.229399700899815,C,371738.2842619532
1574.2269316220834,1,2,0.48427694546491296,A,395001.3084348837
1791.7883790504984,1,2,14.933618817836358,D,344510.74381586805
2140.2120307401083,2,2,-0.9758160283936483,D,468900.28321597906
3170.0949066909207,1,2,1.0034730396177256,B,551992.1254710035
2925.197723942843,3,3,3.481814667605729,D,550110.6990562557
1804.5948185204895,3,1,8.827756528267255,A,381320.6992107127
1398.6500881689803,3,2,16.819269675730226,B,315768.6604382469
2222.679385990732,1,2,9.29617185432008,B,415787.07932747283
765.2868773199664,1,1,14.119999719715237,C,230928.68913342047
2244.442913874906,1,1,6.702905342199154,A,415929.7646764948
1696.1907201923127,2,3,2.0394290348118327,B,424421.92684517213
1739.1134723200269,3,1,13.438645941416292,A,351718.1175249212
1869.396766324229,1,2,11.714769439207231,B,368365.82943638676
1577.2344333828162,2,3,11.844819264282492,C,363499.3470168691
1932.5360039633983,3,3,8.721406913533636,C,424646.5658286717
1357.0477602684464,2,2,9.463096447392864,D,338389.2937898803
1807.2881177600257,4,3,11.218481441106977,D,409636.4045704677
2090.338051534246,1,1,-0.18655517171333713,C,434966.5810119913
1450.1025175377877,2,1,13.729324791448454,D,311363.62779653654
1842.2398998322333,1,3,13.42443811965943,C,372101.79938492615
1834.336219529012,2,1,7.142338053707411,B,382721.93168436416
1796.2721776462038,4,1,4.351797998191188,B,412868.22777366446
2130.8023383028485,4,2,6.27425132307322,D,451708.97721491876
2102.2650481926594,3,1,13.097926742280848,B,389736.8711078617
2007.318082630953,5,2,11.706116698210913,A,422201.22477204073
1794.0856923853548,1,3,6.097627986054307,A,403920.42930826393
2133.163214965049,4,2,9.931219008666405,C,433660.2264531729
2062.5454489207286,5,3,5.006100320612618,B,476224.0432890098
941.5518670857491,2,3,13.70174877424335,C,290646.4428373581
2052.5796181971755,4,3,10.94655686494196,C,435525.17749500775
1983.1563029520235,5,2,15.408101798959041,D,401275.12130040716
2123.1974224221367,4,3,1.3750504505886294,A,490444.4899892705
1587.6812567053344,3,2,6.159492863928591,D,387970.6613508904
1767.0475959327312,4,2,10.217018678699091,B,395619.6661997776
2948.479552409919,1,2,11.912363499602694,A,475286.1377429784
1965.87339746984,3,2,8.815126958505829,D,412511.70495445485
2365.1565573062016,4,1,15.474564912811962,B,414142.83116656035
2317.854518604278,1,1,15.188064771530247,C,380845.12800277653
2585.8806379993143,2,2,10.74535250051385,C,454861.3012973622
2957.4278786496443,5,1,3.8391766711135276,D,541546.9045093968
2285.703600932331,2,2,6.6603514636884995,A,445268.6027747906
1474.5337934926183,5,1,3.8576733654433646,C,393165.01252204506
1203.9218864828858,3,2,12.634122766521346,C,317221.5748156819
1354.8083671411405,2,3,11.51581465753583,B,342901.76342643495
1880.1377856000133,2,1,2.9556584309450074,C,408235.4864052763
1981.707038574221,3,2,6.19506511800511,C,427195.37826739653
1271.3457004545442,5,2,10.45009523715156,A,354884.09385969664
2563.2254229711507,1,2,13.163857969394734,D,430503.2524501414
1951.7418972014755,3,3,10.81915436511356,C,416078.4178945797
2323.021728376794,5,1,14.43753482452939,A,425114.4987150325
1629.6194264123574,4,3,4.200701404493982,D,426958.4356187659
2740.703747306384,2,1,8.948896523853733,C,464325.89211136976
2016.714238993703,3,3,2.5918089918749985,C,463712.3789399953
1817.4084700325898,5,3,8.665517874828142,C,433413.2576291183
1084.599719432072,4,3,12.074933400528522,B,333085.3049405646
1166.0306727368556,4,2,19.696944480791874,B,288118.3448697262
2527.862267182287,2,3,5.73713795868369,D,489100.5369248102
2094.9707797117753,4,2,9.333424614092202,C,432829.95490071655
1849.2035629162608,4,3,10.397871827438607,D,417930.9971544331
2482.182885280376,5,2,-0.10473728225218792,B,528741.9749392986
2250.526061881499,1,3,7.790051770603526,C,441102.34733513225
1047.776551501865,3,1,20.306631685219195,C,248244.49672409054
2413.7267430441048,2,3,1.6710268750950714,B,498017.5399289351
2195.666944214917,2,2,12.26885133641035,A,408222.43773943995
1924.9791572201561,4,2,11.7743303485456,C,403626.2639792876
1617.3986196520148,4,3,9.985898877362185,D,396810.3675783905
1639.1152072295827,5,3,20.740182615444645,C,355210.607645735
1589.5746815935809,5,2,14.051022303538112,B,368702.35664166755
1507.7712092681134,2,3,14.791131190170113,B,341821.4649759608
2132.1116434636106,2,3,9.566394558891494,B,430379.1915519036
2406.5395658166362,5,1,11.53163928853316,B,447995.7601389978
2330.845975893727,2,1,15.680335241826155,A,389682.92138024187
1792.0943030218311,2,3,21.60493509098537,A,336184.7548472563
1838.5213169749131,1,3,15.548738423829564,D,361108.4395783435
1910.0591237082226,1,1,10.271456843778525,A,364648.62815192965
1812.1449183827576,3,1,11.075853389192625,C,370835.22489231266
1118.47166591439,5,1,9.553192279702483,B,329081.2051929266
1644.7237770377642,5,2,11.296562495945805,B,387989.5652240474
1608.1906189930178,1,1,4.813674167452138,A,361750.6910620411
2767.8385203469597,1,3,19.472801476283593,C,434419.84465327795
2069.5499910128606,2,1,7.907808739489577,D,402415.9554038382
1873.3046687546398,3,1,9.239957945691268,B,386130.6771470076
1819.890509782341,5,3,14.833747664242573,A,402820.3126570212
1842.0809370058334,2,1,17.43782662837024,A,332018.96055873216
2281.5407233833726,5,2,11.691832735632088,D,449694.9086601768
1791.285054056838,1,1,6.944379977178949,A,369406.60551978904
2062.5667086567364,3,2,3.8033925923462553,B,447239.7079039423
1868.9149532923204,3,1,7.343282504778047,C,395175.0828053418
2040.140163567533,3,2,17.07802948165678,B,378623.8689484694
2753.424235937519,4,2,6.458900831165938,B,513047.9194379222
2195.978445719594,2,1,2.504828885190303,B,442073.70014600793
1885.6333740154626,5,3,10.533630553007962,C,430895.1846365064
2985.0594098098363,4,1,17.275107952752613,A,467130.4012172206
1908.379809439868,1,1,11.381065046991539,B,358932.6557090291
1653.3324049559785,1,1,-6.857568970789568,C,424621.0853495457
1830.0249604742608,2,3,10.995005408496464,A,393027.46900494373
1920.0971691169448,5,3,13.808606083692833,A,417966.68649323034
1762.545524901185,5,2,9.092848675538809,B,410790.3091124245
2005.7872824375086,3,3,5.023576414054168,B,450460.84617348004
2182.956501104817,1,1,4.879102408545353,D,418900.138067755
2251.869342418129,4,1,7.1177602528219275,C,444598.1329777033
710.8689687246954,2,1,9.814382640260128,B,257014.98367116894
2105.9946457121264,3,1,11.549723593883119,A,397850.84660179703
1823.340027802768,4,3,1.045774845005072,A,462105.12855525146
2553.8818038556433,2,3,14.823464329251642,D,446270.8587393061
2172.8968410516472,5,2,14.602100796485043,A,424279.1801227395
2748.6512827904285,5,1,15.119176721874773,A,464269.244669669
1488.3502125546834,2,3,12.840757659515226,C,349631.23295789224
1245.5307398485172,3,2,0.6044700071976745,A,381530.72394886333
2356.7314739771296,3,2,14.699821828566396,D,422174.0382548809
2300.5495682537844,4,2,9.462180179861138,A,452744.05592607276
1769.6259779000388,3,1,9.572264132144872,C,374101.2771292795
2320.477753844173,3,3,18.425316071838804,B,414921.19502522325
3003.9069431445787,4,1,9.197947946902397,D,509400.95457994594
1250.1360523866565,1,2,15.520823915262515,C,287409.4856623531
1131.348730753618,4,2,10.543798025330329,C,330415.8829487102
2072.8433052621103,1,3,8.831634473089931,B,418126.1581607614
1138.6023881280476,2,3,9.023185758335872,B,333744.31002112536
1760.0928846598126,3,1,7.382376692880841,B,384097.40500157705
2098.5680545712626,4,2,10.578311007239387,B,426965.2504209293
1933.1515335715076,4,2,13.031667431064719,A,398156.81620182714
1474.540066387925,1,1,13.820816410463923,D,303349.92458647286
1609.262399124745,1,2,9.171771186352151,B,355067.3839807138
2634.4030527030654,4,3,7.144802741538287,A,512716.2915626151
1180.7822751530969,1,3,-1.762651830407302,A,381891.4866673462
2720.1382192289802,5,1,8.00175218420652,A,497005.0610018655
1823.4281231842406,1,1,17.50107627395252,B,319837.43094866147
2014.896746402586,4,1,12.101741834102954,D,395980.9654697438
2279.328899455203,4,2,10.934824582780719,B,443258.7670316167
2751.240336388281,2,1,8.128385845686877,C,469482.1044103937
1905.8731428872406,1,1,5.498025731753585,D,388097.1856299562
2464.7051585059726,3,1,13.960503784906978,B,421667.9969260624
1831.9816729137788,4,1,12.276244605603068,B,376816.94426336256
2444.806599527137,4,2,9.204411181621134,C,468458.6040446081
1822.7002573195448,5,2,16.01311327469685,A,382204.4593584703
1666.1314935226515,4,3,8.56014560382108,D,408812.4213331598
1781.2910676985018,5,3,7.824420946506166,B,434007.00203731935
1009.8642683300857,2,2,-3.3774336019925677,A,367873.59484297136
2008.9547109669386,2,3,15.052081785478064,D,390635.06216930354
2193.9115615795818,1,3,25.593159358636253,D,346425.35936477693
1730.2435248966005,2,3,12.652444781041888,B,374762.1285844506
2286.1874763457727,2,1,9.322440269527686,C,417006.5462869388
2178.3323158056714,4,1,7.337218601501533,B,436147.13857305946
1972.5207204714727,5,1,6.1227233375460965,C,431638.4553594168
2276.5054530381335,2,3,13.757256120841351,B,423864.2646996066
2133.1569989022273,3,3,-1.1574741615356192,D,494103.07069790084
2143.925075999181,1,2,5.364847246575209,B,427568.2713670421
2042.8121804208836,5,3,8.620047534295797,A,456180.9803706093
3256.690945404223,4,2,4.828459116494006,A,571526.7989579523
1908.1621617817268,4,3,6.282172892447626,B,444405.3517159345
1175.6125422428518,1,1,12.266230808824997,B,281230.1001801602
1997.4316304515762,3,2,13.826577362143055,B,390610.27623444237
2508.308043728684,4,2,13.101185182642682,A,455324.878459655
1871.9609588862545,1,1,6.821722840250543,A,378087.4816873728
2490.2763538033373,2,1,6.032528049172016,D,453864.99513447366
1474.6860518785197,2,2,0.39218686384422874,A,395507.6708686308
1151.874903328484,2,3,8.419543567403014,A,338089.77249583334
3059.746822775631,2,3,6.90204173305063,C,536464.4736123099
2154.8287397520317,3,2,7.643076908507787,B,437267.4894326642
1833.7693931301214,1,3,11.990507023685447,B,378424.40419458493
1579.764502714085,1,1,8.419201945896452,B,340880.4405419263
1876.8417331753255,2,3,9.787729244184344,B,403745.5270966108
2222.170525255594,2,1,10.096040542485392,C,406736.84981313243
2574.6763962049968,5,1,14.096177258706689,B,451986.75332696625
1745.7738474786443,2,2,6.0394725197971955,D,394380.0221488785
2584.221420444358,5,1,8.30040815047778,A,481920.10129204695
2192.1795641070676,4,2,4.969251565992524,D,464371.6985807441
2821.6788062756855,1,3,3.5996797796391604,D,519169.48172937275
1421.7277961871405,4,3,12.806195708581214,C,363141.801075808
1942.801529385913,1,2,9.226947976739755,B,388145.41305489256
1496.5580550545035,4,2,12.770136607326606,A,355805.12246881734
3059.9384746464575,1,2,14.31123361530856,C,474437.67938810296
1570.2097856588337,5,2,16.20240105243058,A,356008.9733037305
3046.8177902839684,5,2,6.9406459924880455,C,549978.5490659566
1959.257307284768,3,2,3.078536346307324,C,440533.04899694014
2242.2117793400953,5,1,1.311004736173567,D,482666.15425314166
2255.0214586643515,4,2,17.09149768584159,D,410044.6574372272
2258.497667269831,1,3,16.138606403012197,B,400156.73471192206
2293.6983513578257,3,2,12.007575710512645,B,429331.95658321935
1640.2172525651156,1,3,5.6332608861998175,B,390855.4208255125
1967.205296419638,2,1,9.6401543091962,C,383519.7580959828
1965.914584348281,4,1,17.541031828367526,A,363886.2992929905
1073.0207990156703,2,1,10.224801061894413,A,291178.074592095
1918.8872517090356,4,3,11.386946773910193,A,419953.99130135257
2638.3317350207994,4,3,7.519500526084867,B,511235.6708716556
2110.2631732105383,1,2,6.233296297698466,B,419859.8358325615
2987.9182210715253,5,1,11.810928487264894,A,504737.1796708281
1572.1742237880655,2,1,17.008928084242193,B,307172.78195759555
1913.9839863629843,1,3,4.3429737620099615,D,424683.52982624865
1952.4820803932596,4,3,14.618809389325744,B,407154.16109269724
1319.5351580862723,2,2,7.133308116594115,D,346286.97522565664
1624.9329748062873,5,3,7.805005002510436,D,418468.27246807655
1815.6803577292026,4,1,8.473986203961916,C,394198.1047531107
1974.1516127428208,2,2,15.57679638805712,D,369531.1793339965
2157.1912871695677,4,3,11.087055521555598,B,445283.8511091788
1170.7012892160278,4,1,16.88081141072818,C,287666.0718679619
1179.055966298632,4,2,8.4145228577586,B,345832.9823410702
2094.9529178601533,2,1,5.35313577659606,C,417729.612903035
1159.915134604192,4,3,5.3241254212306925,A,374370.88635426573
1998.2906952391775,1,1,13.17526811416766,A,358952.72895307944
1311.567119249656,2,2,17.922366130455867,B,291544.8812726863
2730.1368659213786,2,3,11.790719819441344,B,479060.0874949312
2473.3330538796445,5,2,12.362177531775888,A,465522.417729085
1457.3416707536303,1,1,9.136568989793973,C,325051.3221263931
1856.742092691085,5,1,10.077113440198112,B,400288.6420681179
2349.57243047594,3,1,6.191325857963811,C,449000.61375777493
1285.061822533076,5,2,7.753260379225775,C,369739.88035717874
2124.3207537205135,5,3,9.60659751482265,D,459399.0877979381
1386.767623426164,2,1,6.7081436914340795,A,340136.043885446
824.9349396552834,4,2,10.357692506288817,A,300705.03143408423
1954.9349469203423,3,1,10.188684752948607,C,389550.0709272912
2519.2134021706165,3,3,10.174078376132018,D,476050.9483364016
1667.4727153541721,1,1,6.011985454660463,C,361687.34426211484
1891.2828615134047,2,3,11.988946105273792,A,394183.5556249715
1816.1514170364471,1,1,19.199029818514614,A,310619.9926110716
2201.850831332399,5,2,5.213723586047298,D,474116.4652030034
2826.9530499361035,2,3,7.077785564411785,C,512306.37717155146
1360.96331729657,1,3,5.973633107037616,D,361228.1661944689
2333.829055537193,3,3,10.585507766272292,C,455455.36672235787
2234.9667848139798,1,1,8.886860942488916,C,404062.3737689534
2822.4849060467095,4,3,20.54367193503615,A,464530.1309294902
2298.145652584401,3,3,4.823221347932925,B,480698.4585187755
2138.1836448359063,2,3,8.169189192653237,A,437972.41852032446
2413.4200218667843,1,1,13.275774273064204,B,399963.1308213574
1480.4192639711564,2,2,10.05963172965465,A,347743.76774884237
2464.9826656164823,4,2,19.739312180492444,A,417801.705659186
2060.144678125616,5,1,5.550128384521297,B,443263.82588995504
884.9811702651828,3,3,7.473626628018681,A,326129.98388642486
2367.423451213572,1,2,11.67971176593814,B,418343.78629166656
1952.7605986255671,2,3,5.458100749957872,B,432985.5561127674
1304.097255342363,2,3,7.6773184908525245,B,357023.1330799737
2243.395277472629,1,2,10.331261671634927,D,412683.2193890883
2207.586963595008,5,3,11.73908560070697,C,457063.26835596596
905.4500194328323,5,2,11.864694663474632,D,311221.5286259101
2574.9685652510097,2,3,24.140244587221062,A,401795.63358899567
1664.9997597750153,3,3,10.577569223346973,C,388612.1298607667
2683.074323801385,4,2,11.12686078082832,C,482673.12847599684
2397.665051360968,4,2,15.171814707070315,D,433907.4316007452
3046.7032544310878,5,1,1.7130028593139102,B,561105.3111465393
1648.4648600661474,5,1,2.9313946495342833,D,415189.5127589433
1994.09648361244,3,2,4.4622186687318885,D,437098.5550175846
1632.2481222366343,3,1,13.948804392444222,A,338480.7902614423
1548.653619157798,4,1,13.218061487114422,D,343775.0544802077
2232.5672495329054,1,1,14.102545744952884,D,377743.9962285261
1264.2346669490976,2,2,4.479702489108817,D,354024.95424936566
2151.450146422032,2,3,13.399787382671693,C,413146.0777288448
1351.4732054599067,4,3,-6.755935780493129,D,453926.99944845634
1318.959278916197,5,2,21.986144523228294,B,301965.20527547825
1221.8131307730737,5,3,3.567689817061906,B,399342.86399199785
1944.07404738176,2,2,8.34831011342284,A,402665.85417106183
1418.6934637541608,2,2,8.438140458205512,D,349678.6440843885
1801.219180129344,4,3,16.99785772733717,A,380132.6293762486
2058.381280460128,3,2,7.077985373872133,A,430448.20117665216
2373.6912431895103,2,3,10.510352890995378,C,449817.35986397415
2559.0562443238896,5,3,1.7544307426588528,D,542133.4707190946
2413.8370915685673,1,1,14.109113524149489,D,395838.1415361093
2001.997346831061,3,3,9.21546825006273,D,429122.39343279245
1765.9967259371497,2,1,0.17537729075539588,D,410722.786139938
2739.5322322443253,4,1,6.462771279182524,C,496639.3668285199
2042.8386051569557,4,1,13.611222345907752,C,391227.74878615676
3386.079653176278,5,2,-1.4075455079366215,B,625645.692857311
2964.775672524324,1,1,13.388694670061131,D,454534.09390212677
1917.6345190257166,4,2,6.979850815333874,D,426864.19782590226
2454.7007749178465,2,3,15.263761805551871,A,434151.2684640253
2240.2989937287925,4,1,10.108375786065178,D,428488.02044255333
1969.771817707101,5,1,-1.5206253917592534,C,469580.3087295064
1902.3546588631496,2,2,5.322423511241163,A,413623.34833010915
1813.0657602817346,3,1,13.773721667536437,B,357437.96769049123
2242.758639557459,2,2,13.371074210178842,C,407420.49290485174
2331.40727281846,2,1,10.365554186734864,D,416312.9563481717
1844.9652624270225,4,1,6.185373881169047,B,408569.65683685703
2362.9755792409974,1,3,6.758214462713331,C,457506.4856105331
2160.841201071287,1,2,16.648196105958093,B,372843.13957733824
1159.6066029823123,1,1,5.484773182432196,B,313536.7943860702
1590.3822351355368,5,1,12.47888141340344,B,361643.81644653645
1794.890481511941,1,1,12.345474276270462,C,342761.6767698418
1527.656454857857,1,3,8.234059411431659,C,366595.34842862736
1951.6889878417023,5,1,10.432999502561065,B,408003.9012713649
2061.12026873756,1,3,10.285667646999157,D,409683.6886387602
2163.4619842192615,1,3,12.156993682008592,A,410561.2300118832
1631.5673282089697,3,3,5.8241082623344855,A,409036.19150922453
2511.99890113121,1,2,6.890711711820169,D,456746.3315540202
2214.5915065068557,3,3,1.8736862306874738,D,487090.7194972482
1178.8251334304407,1,3,14.165165818968582,B,302056.6842482012
2226.3472285254034,5,2,8.340029380107786,D,460934.5759520014
2040.1100150787556,1,2,2.381171747904501,D,432105.14276835305
2113.6460652860314,1,1,8.67941726614203,D,392967.52019789297
2027.0791324470374,1,2,10.967176760360244,C,387872.0294429025
1959.3079246464124,5,2,7.933571213336297,A,436262.93639795977
1707.1699470130256,3,3,7.760403643838899,C,406914.97648210806
568.1047780216134,5,2,14.99066720738864,D,261857.14176521817
1500.7110443067334,5,2,9.69698252414033,C,381586.19180997164
2033.183092317148,4,3,15.766576052623856,A,409485.4289685955
1625.39165980406,3,2,16.679939192350712,C,339139.47001865244
3017.3089635851543,2,2,16.82915922909718,B,467585.1002130295
2823.724788050979,2,1,8.578569757294636,B,474479.63001862477
1849.804953201856,4,1,8.5052936559556,D,397454.02704040764
2416.617935927448,1,1,2.2771168346040582,A,455276.20941972453
1646.195540434957,4,3,6.198737844901628,C,418625.86481898755
2261.5385313956126,3,3,3.636796214889878,C,482969.8720651119
1919.864921862071,5,3,6.483730770622652,A,454567.83833309385
2587.6235295878228,1,3,11.401651332333966,C,456754.09629711247
3032.5972225620217,5,2,10.92426697127833,B,528638.3873998106
2522.914852506845,5,3,9.891355833902267,D,497834.7060811731
1508.4527114665152,3,3,9.7369800143799,B,377160.371074752
2653.7340944096945,1,1,16.541072071448237,B,407668.0490837283
3078.819594073364,3,1,5.6502115509141415,C,524630.9016527657
1744.013180374397,3,2,9.003897010212965,B,389381.8329863749
1532.419905402693,2,2,10.155375236786574,B,352465.1143563364
2089.960170089313,4,1,9.417898654641384,B,416906.5237357244
2257.4458079355513,3,2,8.949173238091554,D,440998.71460309735
1826.3080989204684,1,2,4.928695335253419,D,397987.33321577974
2047.430864957092,4,2,6.675849846591222,C,441363.8372627531
1308.2422827525916,3,1,9.739755481444893,C,327125.4508680347
2276.28085274337,3,1,6.721020707373452,D,439022.98173746973
2212.9345643545403,3,1,3.3813910366516575,D,449386.50125219574
2315.6322557003155,5,3,12.862258421567633,D,462251.9334621934
1314.5074665502943,4,3,15.38678224550919,C,339516.8354274835
1886.2480540760869,4,2,3.3849000101463425,B,441700.305356877
1774.04810927915,4,3,6.061551442977172,D,432097.05371302913
2323.4843096327995,3,2,8.546792389232953,C,449614.46901711513
1667.41592928844,4,1,10.82783285999747,C,367602.42862885667
2783.1796411286355,4,2,9.853104379856568,A,499052.4422135807
1726.2219348940498,3,1,8.352828472548516,D,375858.0511266624
2427.0485752135833,3,3,18.3692288447441,D,425858.71329763776
2271.599055457819,3,3,9.857276714102898,B,452873.5219752674
2140.698536874354,2,3,7.07232455958078,A,443708.2308895315
2524.381967762829,1,2,-1.3235865904498851,A,499056.1297285323
2329.5686317387476,1,2,11.947078935215682,B,413221.4684977964
3232.627576871727,1,3,1.14399027087992,C,572542.8063327731
2779.8592463213217,3,1,14.922160365363867,A,448375.12280531286
2899.742921274234,4,1,15.308904944974694,B,468429.76740255
1112.8785895377305,2,1,22.67804416338079,A,232897.6381368691
1499.146044956786,3,2,9.687882134703983,A,361475.1938221586
1144.1865826324224,2,2,10.105161990280134,A,313892.84831184155
3199.9209277808477,2,2,0.2722224624013574,B,568630.980466078
1387.9407462349482,3,3,7.5447862203184695,B,376070.1435219025
2568.051699302673,3,2,8.702959264551351,D,473290.3736075106
2431.9480925969738,3,1,16.36554916075206,A,406367.0634559371
1856.2222481016602,3,1,14.457491465590712,B,358334.7674822125
1121.6422187131525,5,3,11.00406081386886,C,352143.91780197097
2015.1583536162586,2,2,12.578801199155771,C,388621.82936584705
1667.6280973667367,2,2,6.926181261605116,D,382131.9034286481
1683.5014888135015,1,1,-1.5179237221630242,A,400939.7674921653
2823.840760073281,2,2,14.005002542428484,C,462359.0632951857
2648.195670980928,1,1,7.330349388926397,B,453167.82015346084
2280.927390674976,5,1,8.51490524566385,B,450518.2128391783
1805.114278266953,5,3,13.85557113356367,C,406233.572158877
1993.902119031372,3,1,12.594463700824662,B,381417.89339901385
1792.128029784236,1,2,4.235683949822223,A,398034.3832293125
2339.146108301419,1,3,1.5421791660537014,A,481203.7149998734
1531.44945747289,4,1,10.815277798535648,C,354068.55675461073
2131.3238462144386,3,1,16.402660330840956,C,376119.0829672391
2429.6730023914006,1,1,11.048918595362629,C,412722.7072623269
1931.9979117913642,1,3,12.980391807436485,D,383297.832141954
1590.6280758052603,2,2,2.7591833733083497,D,395266.8907139843
1644.1274086468297,4,3,20.124824799888977,B,348788.61686523806
1656.6253116948942,3,3,3.103341702151191,A,425145.82265873346
1914.7324039275036,4,2,9.371345274289915,B,414616.51402130077
2073.4796394862747,3,3,8.224087956562778,D,441227.5241658136
2159.3756965585058,5,3,2.574783352080882,D,498063.65289544617
3105.408274329831,5,3,15.919663214814186,C,525942.5113589121
1869.927172422511,2,1,12.755476489542543,A,358215.3347945384
1918.7125901385302,5,3,4.336673608643322,B,465187.89097063645
2318.2268384898057,1,1,-4.330741796889118,C,478476.3928334262
1816.5434446550378,2,3,6.525956968743976,D,414024.55962178396
2480.4138017030155,1,3,13.103439602196834,C,437524.18215931737
1858.090403766273,3,3,11.013610789670384,B,405740.98642827536
2000.9433494312757,3,2,5.593519290549786,C,432126.73849037866
2359.7839922832427,2,2,12.406813022769539,B,423944.3341144766
1095.2127159523905,2,2,14.619460154440585,D,286423.97082303616
2935.408191133489,5,3,12.391794701761766,C,526581.84560454
1557.79810018025,3,2,3.1001063109339375,D,400279.2784633553
1205.52624679851,5,1,11.600781866985514,D,327548.71534492343
821.8329903625702,1,2,12.86092841689205,C,257878.6569517968
1956.5467525032427,3,1,10.22907184391519,A,389509.31603074836
1335.7964525366697,1,1,17.995967585670293,B,268599.8073253155
1839.2375062465098,1,3,12.523606523923267,A,376305.71800503467
2432.186946326866,1,3,10.56627652782086,B,445387.3119935823
2808.524705753815,2,3,3.7568374741833175,B,527068.2832044649
1942.138511532497,4,3,8.602860819967965,A,436199.5470534099
2231.635705444245,2,3,8.73049382327855,A,444511.1014280318
1693.4191702516623,1,2,14.593805655529568,C,336372.88874751836
1483.5384530486845,2,1,13.642408967961858,B,315141.8004650591
1508.6060549680633,2,1,9.845669886688004,D,336632.2560633663
2360.354554087353,5,3,9.235368631229353,C,484858.61225258856
1371.2430902084984,1,1,3.7785620251815875,C,343231.49889494193
2281.5133193219176,3,1,1.518426251240344,B,465559.20067599
1513.751556808687,4,3,21.710032621963112,C,327824.9925710531
1138.8064478298284,4,1,13.71491878301424,D,300306.05086791166
1344.1664724504826,4,1,16.789686820056275,C,305468.21314476687
1844.6519926337387,3,2,5.889460378217023,D,415017.89737228875
2520.237007026572,3,3,14.238211070199995,A,455832.64535165724
2816.499227340423,4,1,10.043210324151945,D,486433.8711132827
2478.9480660947993,3,2,8.647473053221734,D,464657.4413433713
1409.8467387057071,2,1,12.728815928215033,D,312340.59422949556
2598.6981583398033,3,1,19.59264120462496,C,406906.60981085553
2011.712087648562,2,3,22.361461252058582,C,354363.90250456333
1717.1994423475453,2,2,11.243721649944478,A,365501.33598503214
2029.9519508308188,2,3,22.998566912697363,A,353002.36051959504
1701.9023146771697,1,1,4.2717541707086815,C,373831.46061417356
1357.1714611272596,5,2,17.733280309580046,C,327050.7445648257
2153.699707246608,4,1,8.5959307554661,B,427390.3169473303
2209.60204728363,3,1,1.717444493839503,A,457372.98225916544
2069.459770842873,2,3,11.986149852180747,A,412015.2278233835
1524.1359753979098,1,3,14.948364983770789,A,332671.77262093703
2836.563811222249,2,3,5.096712349564689,A,523172.81937440153
1703.8168047132658,2,1,7.512684538868479,A,367818.2577769842
2268.7443996092325,1,3,11.394726570553868,A,424900.80710815394
985.935640850943,2,1,10.837899966148276,D,279404.0642543529
1296.562239994858,3,1,20.767544706264857,B,270818.5004681615
1540.1169502397033,3,2,2.2666408904877837,B,402678.4905715314
1330.7739782913154,5,2,3.8670245769684097,A,393742.27494428953
1603.3409248252635,5,1,8.173897578668752,C,384464.60458918253
1470.8554148302828,2,3,9.26951519548641,B,365737.96550559625
2235.701980111565,3,3,5.579465738096354,B,470672.86932067474
1092.1660534390085,2,1,5.206999220313802,A,318181.6092423318
2401.2988918560795,5,1,18.9462393115071,A,410398.69262807246
2278.6448343020247,4,2,7.68990013734663,C,459414.9827434693
